Name,Gen1,Gen2,Gen3,Gen4,Gen5,Gen6,Gen7,Gen8
1,0.745839862,0.780779508,0.738077175,0.070062827,0.037375522,0.851858839,0.919213699,0.415653628
